{"cameraMode":{"drawMode":0,"name":"Shaded","section":"Shading Mode"},"sceneLighting":true,"audioPlay":false,"sceneViewState":{"showFog":true,"showMaterialUpdate":false,"showSkybox":true,"showFlares":true,"showImageEffects":true,"showParticleSystems":true},"in2DMode":false,"pivot":{"x":-2.1637625694274904,"y":4.206624984741211,"z":-3.389446258544922},"rotation":{"x":-0.013794266618788243,"y":0.0470755361020565,"z":-0.0006486000493168831,"w":-0.9988055229187012},"size":11.494487762451172,"orthographic":false}